Month,IP Name,Number training partnerships/collaborations to be established
August,Soweto Basketball,6.0
September,Soweto Basketball,5.0
October,Soweto Basketball,8.0
November,Soweto Basketball,8.0
December,Soweto Basketball,7.0
January,Soweto Basketball,3.0
February,Soweto Basketball,5.0
March,Soweto Basketball,2.0
April,Soweto Basketball,13.0
May,Soweto Basketball,57.0
July,Phakamani Young Minds Academy,0.0
August,Phakamani Young Minds Academy,2.0
September,Phakamani Young Minds Academy,2.0
October,Phakamani Young Minds Academy,1.0
November,Phakamani Young Minds Academy,4.0
December,Phakamani Young Minds Academy,0.0
January,Phakamani Young Minds Academy,5.0
February,Phakamani Young Minds Academy,5.0
March,Phakamani Young Minds Academy,
April,Phakamani Young Minds Academy,
May,Phakamani Young Minds Academy,19.0
July,Imagine Scholar,
August,Imagine Scholar,
September,Imagine Scholar,
October,Imagine Scholar,
November,Imagine Scholar,
December,Imagine Scholar,
January,Imagine Scholar,
February,Imagine Scholar,
March,Imagine Scholar,
April,Imagine Scholar,
May,Imagine Scholar,0.0
July,Advanced Edukos,3.0
August,Advanced Edukos,6.0
September,Advanced Edukos,3.0
October,Advanced Edukos,7.0
November,Advanced Edukos,6.0
December,Advanced Edukos,3.0
January,Advanced Edukos,10.0
February,Advanced Edukos,13.0
March,Advanced Edukos,13.0
April,Advanced Edukos,11.0
May,Advanced Edukos,75.0
July,United Through Sport,
August,United Through Sport,
September,United Through Sport,
October,United Through Sport,
November,United Through Sport,
December,United Through Sport,
January,United Through Sport,
February,United Through Sport,
March,United Through Sport,
April,United Through Sport,
May,United Through Sport,0.0
July,Waumbe Youth Development,4.0
August,Waumbe Youth Development,10.0
September,Waumbe Youth Development,2.0
October,Waumbe Youth Development,1.0
November,Waumbe Youth Development,
December,Waumbe Youth Development,0.0
January,Waumbe Youth Development,10.0
February,Waumbe Youth Development,4.0
March,Waumbe Youth Development,4.0
April,Waumbe Youth Development,6.0
May,Waumbe Youth Development,41.0
July,Yakha Ikusasa Manje,
August,Yakha Ikusasa Manje,
September,Yakha Ikusasa Manje,
October,Yakha Ikusasa Manje,
November,Yakha Ikusasa Manje,
December,Yakha Ikusasa Manje,
January,Yakha Ikusasa Manje,
February,Yakha Ikusasa Manje,
March,Yakha Ikusasa Manje,
April,Yakha Ikusasa Manje,
May,Yakha Ikusasa Manje,0.0
July,Sozo Foundation,6.0
August,Sozo Foundation,3.0
September,Sozo Foundation,6.0
October,Sozo Foundation,9.0
November,Sozo Foundation,8.0
December,Sozo Foundation,1.0
January,Sozo Foundation,0.0
February,Sozo Foundation,2.0
March,Sozo Foundation,8.0
April,Sozo Foundation,2.0
May,Sozo Foundation,45.0
July,Social Innovation,
August,Social Innovation,
September,Social Innovation,
October,Social Innovation,
November,Social Innovation,1.0
December,Social Innovation,1.0
January,Social Innovation,1.0
February,Social Innovation,0.0
March,Social Innovation,0.0
April,Social Innovation,0.0
May,Social Innovation,3.0
July,Regenerative Neighbourhoods Development Agency,3.0
August,Regenerative Neighbourhoods Development Agency,3.0
September,Regenerative Neighbourhoods Development Agency,3.0
October,Regenerative Neighbourhoods Development Agency,3.0
November,Regenerative Neighbourhoods Development Agency,3.0
December,Regenerative Neighbourhoods Development Agency,3.0
January,Regenerative Neighbourhoods Development Agency,3.0
February,Regenerative Neighbourhoods Development Agency,7.0
March,Regenerative Neighbourhoods Development Agency,7.0
April,Regenerative Neighbourhoods Development Agency,
May,Regenerative Neighbourhoods Development Agency,35.0
July,Reflective Learning,
August,Reflective Learning,
September,Reflective Learning,
October,Reflective Learning,
November,Reflective Learning,
December,Reflective Learning,
January,Reflective Learning,
February,Reflective Learning,0.0
March,Reflective Learning,0.0
April,Reflective Learning,0.0
May,Reflective Learning,0.0
July,Outreach Foundation,5.0
August,Outreach Foundation,3.0
September,Outreach Foundation,5.0
October,Outreach Foundation,5.0
November,Outreach Foundation,5.0
December,Outreach Foundation,1.0
January,Outreach Foundation,3.0
February,Outreach Foundation,1.0
March,Outreach Foundation,3.0
April,Outreach Foundation,5.0
May,Outreach Foundation,36.0
July,OLICO Maths Education,
August,OLICO Maths Education,
September,OLICO Maths Education,
October,OLICO Maths Education,
November,OLICO Maths Education,
December,OLICO Maths Education,
January,OLICO Maths Education,
February,OLICO Maths Education,
March,OLICO Maths Education,
April,OLICO Maths Education,
May,OLICO Maths Education,0.0
July,Numeric,
August,Numeric,
September,Numeric,
October,Numeric,
November,Numeric,
December,Numeric,
January,Numeric,
February,Numeric,
March,Numeric,
April,Numeric,
May,Numeric,0.0
July,Masifunde Youth Development,2.0
August,Masifunde Youth Development,2.0
September,Masifunde Youth Development,0.0
October,Masifunde Youth Development,0.0
November,Masifunde Youth Development,2.0
December,Masifunde Youth Development,1.0
January,Masifunde Youth Development,5.0
February,Masifunde Youth Development,5.0
March,Masifunde Youth Development,6.0
April,Masifunde Youth Development,6.0
May,Masifunde Youth Development,29.0
July,Maboneng Township Arts Experience,
August,Maboneng Township Arts Experience,
September,Maboneng Township Arts Experience,
October,Maboneng Township Arts Experience,
November,Maboneng Township Arts Experience,
December,Maboneng Township Arts Experience,
January,Maboneng Township Arts Experience,1.0
February,Maboneng Township Arts Experience,1.0
March,Maboneng Township Arts Experience,
April,Maboneng Township Arts Experience,
May,Maboneng Township Arts Experience,2.0
July,LEVA Foundation,0.0
August,LEVA Foundation,0.0
September,LEVA Foundation,0.0
October,LEVA Foundation,0.0
November,LEVA Foundation,0.0
December,LEVA Foundation,0.0
January,LEVA Foundation,0.0
February,LEVA Foundation,1.0
March,LEVA Foundation,2.0
April,LEVA Foundation,0.0
May,LEVA Foundation,3.0
July,LEFA-Velle,5.0
August,LEFA-Velle,5.0
September,LEFA-Velle,5.0
October,LEFA-Velle,6.0
November,LEFA-Velle,9.0
December,LEFA-Velle,9.0
January,LEFA-Velle,9.0
February,LEFA-Velle,9.0
March,LEFA-Velle,9.0
April,LEFA-Velle,9.0
May,LEFA-Velle,75.0
July,Just Grace,0.0
August,Just Grace,0.0
September,Just Grace,0.0
October,Just Grace,0.0
November,Just Grace,0.0
December,Just Grace,3.0
January,Just Grace,1.0
February,Just Grace,2.0
March,Just Grace,0.0
April,Just Grace,0.0
May,Just Grace,6.0
July,I Protect Me,2.0
August,I Protect Me,1.0
September,I Protect Me,1.0
October,I Protect Me,5.0
November,I Protect Me,6.0
December,I Protect Me,7.0
January,I Protect Me,7.0
February,I Protect Me,6.0
March,I Protect Me,2.0
April,I Protect Me,
May,I Protect Me,37.0
July,Ikamva Youth,
August,Ikamva Youth,
September,Ikamva Youth,
October,Ikamva Youth,
November,Ikamva Youth,
December,Ikamva Youth,
January,Ikamva Youth,
February,Ikamva Youth,
March,Ikamva Youth,
April,Ikamva Youth,
May,Ikamva Youth,0.0
July,Ikamva Labantwana,2.0
August,Ikamva Labantwana,1.0
September,Ikamva Labantwana,1.0
October,Ikamva Labantwana,1.0
November,Ikamva Labantwana,1.0
December,Ikamva Labantwana,1.0
January,Ikamva Labantwana,1.0
February,Ikamva Labantwana,1.0
March,Ikamva Labantwana,1.0
April,Ikamva Labantwana,3.0
May,Ikamva Labantwana,13.0
July,Inclusive Education South Africa,0.0
August,Inclusive Education South Africa,0.0
September,Inclusive Education South Africa,0.0
October,Inclusive Education South Africa,0.0
November,Inclusive Education South Africa,0.0
December,Inclusive Education South Africa,0.0
January,Inclusive Education South Africa,0.0
February,Inclusive Education South Africa,0.0
March,Inclusive Education South Africa,0.0
April,Inclusive Education South Africa,0.0
May,Inclusive Education South Africa,0.0
July,Great Commission United,
August,Great Commission United,
September,Great Commission United,
October,Great Commission United,
November,Great Commission United,
December,Great Commission United,
January,Great Commission United,
February,Great Commission United,
March,Great Commission United,
April,Great Commission United,
May,Great Commission United,0.0
July,Education Without Borders,
August,Education Without Borders,1.0
September,Education Without Borders,1.0
October,Education Without Borders,
November,Education Without Borders,
December,Education Without Borders,0.0
January,Education Without Borders,0.0
February,Education Without Borders,
March,Education Without Borders,0.0
April,Education Without Borders,0.0
May,Education Without Borders,2.0
July,Centre for Social Development,
August,Centre for Social Development,
September,Centre for Social Development,
October,Centre for Social Development,
November,Centre for Social Development,
December,Centre for Social Development,
January,Centre for Social Development,
February,Centre for Social Development,
March,Centre for Social Development,
April,Centre for Social Development,
May,Centre for Social Development,0.0
July,Beautiful Gate South Africa,
August,Beautiful Gate South Africa,
September,Beautiful Gate South Africa,
October,Beautiful Gate South Africa,
November,Beautiful Gate South Africa,
December,Beautiful Gate South Africa,
January,Beautiful Gate South Africa,
February,Beautiful Gate South Africa,
March,Beautiful Gate South Africa,
April,Beautiful Gate South Africa,
May,Beautiful Gate South Africa,0.0
July,Axium Education,
August,Axium Education,
September,Axium Education,
October,Axium Education,
November,Axium Education,
December,Axium Education,
January,Axium Education,
February,Axium Education,
March,Axium Education,
April,Axium Education,
May,Axium Education,0.0
July,Awarenet,5.0
August,Awarenet,2.0
September,Awarenet,3.0
October,Awarenet,4.0
November,Awarenet,2.0
December,Awarenet,0.0
January,Awarenet,0.0
February,Awarenet,0.0
March,Awarenet,3.0
April,Awarenet,
May,Awarenet,19.0
July,Assumption Development Centre,3.0
August,Assumption Development Centre,3.0
September,Assumption Development Centre,3.0
October,Assumption Development Centre,2.0
November,Assumption Development Centre,2.0
December,Assumption Development Centre,2.0
January,Assumption Development Centre,2.0
February,Assumption Development Centre,2.0
March,Assumption Development Centre,2.0
April,Assumption Development Centre,2.0
May,Assumption Development Centre,23.0
July,Masinyusane Development Organization,
August,Masinyusane Development Organization,
September,Masinyusane Development Organization,
October,Masinyusane Development Organization,
November,Masinyusane Development Organization,
December,Masinyusane Development Organization,
January,Masinyusane Development Organization,
February,Masinyusane Development Organization,
March,Masinyusane Development Organization,
April,Masinyusane Development Organization,
May,Masinyusane Development Organization,0.0
July,Matlhogonolo Community Outreach Centre,2.0
August,Matlhogonolo Community Outreach Centre,3.0
September,Matlhogonolo Community Outreach Centre,1.0
October,Matlhogonolo Community Outreach Centre,2.0
November,Matlhogonolo Community Outreach Centre,1.0
December,Matlhogonolo Community Outreach Centre,1.0
January,Matlhogonolo Community Outreach Centre,1.0
February,Matlhogonolo Community Outreach Centre,0.0
March,Matlhogonolo Community Outreach Centre,0.0
April,Matlhogonolo Community Outreach Centre,0.0
May,Matlhogonolo Community Outreach Centre,11.0
